action_priority,claim_id,theme,decision,reviewed_rows,minimum_reviewed_rows,paper_notes_started,minimum_paper_notes,assigned_sprint,sprint_01_papers,sprint_02_papers,bridge_ready,missing_for_promotion,next_action,first_overlay_actions
1,C01,LLM reasoning center of gravity,not_ready,0,8,0,4,sprint_01,12,0,0,reviewed rows 0/8; support rows 0/5 with 0 weakening rows; paper notes 0/4; taxonomy boundary unresolved,"Fill first-sprint paper notes, then transfer decisions through the overlay bridge.",1. How much can language models memorize? (62989) -> C01::62989 | 3. The Flexibility Trap: Rethinking the Value of Arbitrary Order in Diffusion Language Models (61998) -> C01::61998 | 5. Maximum Likelihood Reinforcement Learning (65332) -> C01::65332 | 10. Reinforcement Learning with Evolving Rubrics for Deep Research (65886) -> C01::65886 | 12. Reinforcement Learning via Self-Distillation (64121) -> C01::64121
1,C02,Infrastructure and agentic workloads,not_ready,0,8,0,4,sprint_01,14,0,0,reviewed rows 0/8; support rows 0/5 with 0 weakening rows; paper notes 0/4; taxonomy boundary unresolved,"Fill first-sprint paper notes, then transfer decisions through the overlay bridge.",4. Neural Thickets: Diverse Task Experts Are Dense Around Pretrained Weights (65901) -> C02::65901 | 6. PaperBanana: Automating Academic Illustration for AI Scientists (65206) -> C02::65206 | 11. Controlled LLM Training on Spectral Sphere (66212) -> C02::66212 | 15. mHC: Manifold-Constrained Hyper-Connections (61870) -> C02::61870 | 16. Evolution Strategies at the Hyperscale (62943) -> C02::62943
1,C03,Program committee attention,not_ready,0,8,0,4,sprint_01,9,0,0,reviewed rows 0/8; support rows 0/5 with 0 weakening rows; paper notes 0/4; taxonomy boundary unresolved,"Fill first-sprint paper notes, then transfer decisions through the overlay bridge.",2. To Grok Grokking: Provable Grokking in Ridge Regression (66206) -> C03::66206 | 7. The Obfuscation Atlas: Mapping Where Honesty Emerges in RLVR with Deception Probes (60766) -> C03::60766 | 8. Position: AI/ML Deepfake Research is Misaligned with AI Generated Non-Consensual Intimate Imagery (AIG-NCII) (67084) -> C03::67084 | 9. Position: The Alignment Community is Unintentionally Building a Censor’s Toolkit (67118) -> C03::67118 | 22. Equivalence of Context and Parameter Updates in Modern Transformer Blocks (63048) -> C03::63048
1,C07,Artifact visibility,not_ready,0,8,0,4,sprint_01,6,0,0,reviewed rows 0/8; support rows 0/5 with 0 weakening rows; paper notes 0/4; artifact checks 0/5,"Fill first-sprint paper notes, then transfer decisions through the overlay bridge.",6. PaperBanana: Automating Academic Illustration for AI Scientists (65206) -> C07::65206 | 20. From Abstraction to Instantiation: Learning Behavioral Representation for Vision-Language-Action Model (66596) -> C07::66596 | 27. Vision-aligned Latent Reasoning for Multi-Modal Large Language Model (61382) -> C07::61382 | 28. AuTAgent: A Reinforcement Learning Framework for Tool-Augmented Audio Reasoning (64128) -> C07::64128 | 29. Autoregressive Direct Preference Optimization (65423) -> C07::65423
2,C04,Public attention mismatch,not_ready,0,6,0,3,sprint_02,0,8,0,reviewed rows 0/6; support rows 0/4 with 0 weakening rows; paper notes 0/3,"Use sprint 02 paper notes, then transfer decisions through the sprint 02 overlay bridge.",
2,C05,Neighboring-venue contrast,not_ready,0,7,0,3,sprint_02,0,8,0,reviewed rows 0/7; support rows 0/4 with 0 weakening rows; paper notes 0/3; taxonomy boundary unresolved,"Use sprint 02 paper notes, then transfer decisions through the sprint 02 overlay bridge.",
4,C06,External trend context,context_or_workflow_only,0,0,0,0,sprint_01,8,0,0,none,Keep as framing/context; do not promote as a paper-quality claim.,4. Neural Thickets: Diverse Task Experts Are Dense Around Pretrained Weights (65901) -> C06::65901 | 12. Reinforcement Learning via Self-Distillation (64121) -> C06::64121 | 14. GDPO: Group reward-Decoupled Normalization Policy Optimization for Multi-reward RL Optimization (63333) -> C06::63333 | 15. mHC: Manifold-Constrained Hyper-Connections (61870) -> C06::61870 | 16. Evolution Strategies at the Hyperscale (62943) -> C06::62943
4,C08,Validation priority,context_or_workflow_only,0,0,0,0,sprint_01,10,0,0,none,Keep as framing/context; do not promote as a paper-quality claim.,1. How much can language models memorize? (62989) -> C08::62989 | 2. To Grok Grokking: Provable Grokking in Ridge Regression (66206) -> C08::66206 | 3. The Flexibility Trap: Rethinking the Value of Arbitrary Order in Diffusion Language Models (61998) -> C08::61998 | 5. Maximum Likelihood Reinforcement Learning (65332) -> C08::65332 | 10. Reinforcement Learning with Evolving Rubrics for Deep Research (65886) -> C08::65886
