claim_id,theme,thesis_role,decision,review_gate,support_gate,paper_note_gate,taxonomy_gate,artifact_gate,minimum_reviewed_rows,reviewed_rows,minimum_support_rows,support_rows,weakening_rows,minimum_paper_notes,paper_notes_started,artifact_rows_checked,missing_for_promotion,special_check,allowed_next_use
C01,LLM reasoning center of gravity,core_thesis_candidate,not_ready,not_met,not_met,not_met,not_met,pass,8,0,5,0,0,4,0,0,reviewed rows 0/8; support rows 0/5 with 0 weakening rows; paper notes 0/4; taxonomy boundary unresolved,Boundary papers must confirm this is LLM reasoning/post-training rather than broad LLM infrastructure spillover.,Use as directional hypothesis or reading guide only.
C02,Infrastructure and agentic workloads,core_thesis_candidate,not_ready,not_met,not_met,not_met,not_met,pass,8,0,5,0,0,4,0,0,reviewed rows 0/8; support rows 0/5 with 0 weakening rows; paper notes 0/4; taxonomy boundary unresolved,Historical-delta interpretation must survive a spot check of systems and agents/code examples.,Use as directional hypothesis or reading guide only.
C03,Program committee attention,core_thesis_candidate,not_ready,not_met,not_met,not_met,not_met,pass,8,0,5,0,0,4,0,0,reviewed rows 0/8; support rows 0/5 with 0 weakening rows; paper notes 0/4; taxonomy boundary unresolved,Low-public/high-program papers must yield concrete technical reasons for committee attention.,Use as directional hypothesis or reading guide only.
C04,Public attention mismatch,supporting_hypothesis,not_ready,not_met,not_met,not_met,pass,pass,6,0,4,0,0,3,0,0,reviewed rows 0/6; support rows 0/4 with 0 weakening rows; paper notes 0/3,"High-attention robotics papers must be labeled as benchmark, demo, reusable model, or core algorithmic contribution.",Use as directional hypothesis or reading guide only.
C05,Neighboring-venue contrast,supporting_hypothesis,not_ready,not_met,not_met,not_met,not_met,pass,7,0,4,0,0,3,0,0,reviewed rows 0/7; support rows 0/4 with 0 weakening rows; paper notes 0/3; taxonomy boundary unresolved,Multimodal/vision aggregate must be broken into submodes before interpreting the neighboring-venue contrast.,Use as directional hypothesis or reading guide only.
C06,External trend context,context_frame,context_or_workflow_only,pass,pass,pass,pass,pass,0,0,0,0,0,0,0,0,none,Use only as external context; do not promote to a venue-quality or acceptance trend claim.,"Use as context or workflow framing, not as a field-quality conclusion."
C07,Artifact visibility,supporting_hypothesis,not_ready,not_met,not_met,not_met,pass,not_met,8,0,5,0,0,4,0,0,reviewed rows 0/8; support rows 0/5 with 0 weakening rows; paper notes 0/4; artifact checks 0/5,"Repository links must be manually inspected for runnable code, data/checkpoints, license, and stale/broken state.",Use as directional hypothesis or reading guide only.
C08,Validation priority,workflow_claim,context_or_workflow_only,pass,pass,pass,pass,pass,0,0,0,0,0,0,0,0,none,Keep as a process/workflow claim; acceptance means the validation workflow remains explicit and auditable.,"Use as context or workflow framing, not as a field-quality conclusion."
