claim_id,theme,thesis_role,decision,readiness_tier,allowed_next_use,statement,evidence,primary_caveat,reviewed_rows,minimum_reviewed_rows,support_rows,minimum_support_rows,paper_notes_started,minimum_paper_notes,missing_for_promotion,claim_bridge_rows,bridge_pending_notes,bridge_started_needs_decision,bridge_ready_to_transfer,sprint_claim_papers,sprint_02_claim_papers,sprint_02_bridge_rows,next_decision_action,first_overlay_actions,top_papers_to_read,special_check
C01,LLM reasoning center of gravity,core_thesis_candidate,not_ready,high_priority_unreviewed,Use as directional hypothesis or reading guide only.,LLM reasoning/post-training is the largest ICML 2026 area and is also overweight relative to nearby accepted-paper baselines.,1099 taxonomy papers (16.6%); historical delta +2.9 pp; public-attention enrichment 2.03x.,Area boundaries include general LLM training/evaluation and some diffusion-language papers; paper-level taxonomy still needs review.,0,8,0,5,0,4,reviewed rows 0/8; support rows 0/5 with 0 weakening rows; paper notes 0/4; taxonomy boundary unresolved,12,12,0,0,12,0,0,"Fill first-sprint paper notes, then transfer decisions through the overlay bridge.",1. How much can language models memorize? (62989) -> C01::62989 | 3. The Flexibility Trap: Rethinking the Value of Arbitrary Order in Diffusion Language Models (61998) -> C01::61998 | 5. Maximum Likelihood Reinforcement Learning (65332) -> C01::65332 | 10. Reinforcement Learning with Evolving Rubrics for Deep Research (65886) -> C01::65886 | 12. Reinforcement Learning via Self-Distillation (64121) -> C01::64121,1. How much can language models memorize? (62989) | 3. The Flexibility Trap: Rethinking the Value of Arbitrary Order in Diffusion Language Models (61998) | 5. Maximum Likelihood Reinforcement Learning (65332) | 10. Reinforcement Learning with Evolving Rubrics for Deep Research (65886) | 12. Reinforcement Learning via Self-Distillation (64121),Boundary papers must confirm this is LLM reasoning/post-training rather than broad LLM infrastructure spillover.
C02,Infrastructure and agentic workloads,core_thesis_candidate,not_ready,high_priority_unreviewed,Use as directional hypothesis or reading guide only.,"Systems/efficiency and agents/code look smaller than LLM reasoning by paper count, but both are clear ICML 2026 overweights versus the neighboring-venue baseline.","Systems historical delta +2.1 pp, relative 1.68x; Agents historical delta +2.1 pp, relative 1.44x.",Historical comparison uses a keyword scorer; ICML 2025 and NeurIPS 2025 lack static abstracts in the current pull.,0,8,0,5,0,4,reviewed rows 0/8; support rows 0/5 with 0 weakening rows; paper notes 0/4; taxonomy boundary unresolved,14,14,0,0,14,0,0,"Fill first-sprint paper notes, then transfer decisions through the overlay bridge.",4. Neural Thickets: Diverse Task Experts Are Dense Around Pretrained Weights (65901) -> C02::65901 | 6. PaperBanana: Automating Academic Illustration for AI Scientists (65206) -> C02::65206 | 11. Controlled LLM Training on Spectral Sphere (66212) -> C02::66212 | 15. mHC: Manifold-Constrained Hyper-Connections (61870) -> C02::61870 | 16. Evolution Strategies at the Hyperscale (62943) -> C02::62943,4. Neural Thickets: Diverse Task Experts Are Dense Around Pretrained Weights (65901) | 6. PaperBanana: Automating Academic Illustration for AI Scientists (65206) | 11. Controlled LLM Training on Spectral Sphere (66212) | 15. mHC: Manifold-Constrained Hyper-Connections (61870) | 16. Evolution Strategies at the Hyperscale (62943),Historical-delta interpretation must survive a spot check of systems and agents/code examples.
C03,Program committee attention,core_thesis_candidate,not_ready,high_priority_unreviewed,Use as directional hypothesis or reading guide only.,Theory and safety/governance receive more program signal than their public-attention signal would predict.,Theory oral enrichment 1.45x vs public enrichment 0.46x; Safety oral enrichment 1.41x and 3 awards vs public enrichment 0.51x.,"Oral/award counts are program signals, not full quality labels; award counts are small and volatile.",0,8,0,5,0,4,reviewed rows 0/8; support rows 0/5 with 0 weakening rows; paper notes 0/4; taxonomy boundary unresolved,9,9,0,0,9,0,0,"Fill first-sprint paper notes, then transfer decisions through the overlay bridge.",2. To Grok Grokking: Provable Grokking in Ridge Regression (66206) -> C03::66206 | 7. The Obfuscation Atlas: Mapping Where Honesty Emerges in RLVR with Deception Probes (60766) -> C03::60766 | 8. Position: AI/ML Deepfake Research is Misaligned with AI Generated Non-Consensual Intimate Imagery (AIG-NCII) (67084) -> C03::67084 | 9. Position: The Alignment Community is Unintentionally Building a Censor’s Toolkit (67118) -> C03::67118 | 22. Equivalence of Context and Parameter Updates in Modern Transformer Blocks (63048) -> C03::63048,2. To Grok Grokking: Provable Grokking in Ridge Regression (66206) | 7. The Obfuscation Atlas: Mapping Where Honesty Emerges in RLVR with Deception Probes (60766) | 8. Position: AI/ML Deepfake Research is Misaligned with AI Generated Non-Consensual Intimate Imagery (AIG-NCII) (67084) | 9. Position: The Alignment Community is Unintentionally Building a Censor’s Toolkit (67118) | 22. Equivalence of Context and Parameter Updates in Modern Transformer Blocks (63048),Low-public/high-program papers must yield concrete technical reasons for committee attention.
C04,Public attention mismatch,supporting_hypothesis,not_ready,directional_unreviewed,Use as directional hypothesis or reading guide only.,Robotics/embodiment is small by taxonomy count but unusually strong in public attention.,195 papers (2.9%); public-attention enrichment 2.11x vs oral enrichment 0.81x.,AlphaXiv likely overweights shareable VLA/world-model work and project-page traffic.,0,6,0,4,0,3,reviewed rows 0/6; support rows 0/4 with 0 weakening rows; paper notes 0/3,0,0,0,0,0,8,8,"Use sprint 02 paper notes, then transfer decisions through the sprint 02 overlay bridge.",,81. World Guidance: World Modeling in Condition Space for Action Generation (61757) | 82. Temporal Straightening for Latent Planning (64904) | 105. LangForce: Bayesian Decomposition of Vision Language Action Models via Latent Action Queries (65457) | 106. Vision-Language-Action Pretraining from Large-Scale Human Videos (62813) | 107. From Pixels to Tokens: A Systematic Study of Latent Action Supervision for Vision-Language-Action Models (63621),"High-attention robotics papers must be labeled as benchmark, demo, reusable model, or core algorithmic contribution."
C05,Neighboring-venue contrast,supporting_hypothesis,not_ready,directional_unreviewed,Use as directional hypothesis or reading guide only.,Multimodal/vision is large inside ICML 2026 but underweight relative to NeurIPS 2025 and ICLR 2026 accepted-paper baselines.,"889 taxonomy papers (13.4%); historical delta -3.1 pp, relative 0.82x.",This is the area most sensitive to venue scope and title/topic classification; ICLR/NeurIPS vision-heavy shares may dominate the baseline average.,0,7,0,4,0,3,reviewed rows 0/7; support rows 0/4 with 0 weakening rows; paper notes 0/3; taxonomy boundary unresolved,0,0,0,0,0,8,8,"Use sprint 02 paper notes, then transfer decisions through the sprint 02 overlay bridge.",,58. Motion Attribution for Video Generation (60542) | 59. Multimodal Nested Learning for Decoupled and Coordinated Optimization (65954) | 74. ExSkill: Continual Learning from Experience and Skills in Multimodal Agents (65729) | 75. BabyVision: Visual Reasoning Beyond Language (63195) | 76. Causal-JEPA: Learning World Models through Object-Level Latent Interventions (63623),Multimodal/vision aggregate must be broken into submodes before interpreting the neighboring-venue contrast.
C07,Artifact visibility,supporting_hypothesis,not_ready,directional_unreviewed,Use as directional hypothesis or reading guide only.,"Artifacts are most visible in agents/code, LLM reasoning, systems, and multimodal/vision, while theory remains much less artifact-linked.","Robotics, Embodiment, and World Models: GitHub URL share 38.0%; Agents, Code, and Tool Use: GitHub URL share 32.9%; LLM Reasoning, Post-Training, and RLVR: GitHub URL share 32.1%; Generative Modeling: GitHub URL share 31.1%",GitHub metadata comes from AlphaXiv and does not prove runnable reproduction; some high-star links are templates or index repos.,0,8,0,5,0,4,reviewed rows 0/8; support rows 0/5 with 0 weakening rows; paper notes 0/4; artifact checks 0/5,6,6,0,0,6,0,0,"Fill first-sprint paper notes, then transfer decisions through the overlay bridge.",6. PaperBanana: Automating Academic Illustration for AI Scientists (65206) -> C07::65206 | 20. From Abstraction to Instantiation: Learning Behavioral Representation for Vision-Language-Action Model (66596) -> C07::66596 | 27. Vision-aligned Latent Reasoning for Multi-Modal Large Language Model (61382) -> C07::61382 | 28. AuTAgent: A Reinforcement Learning Framework for Tool-Augmented Audio Reasoning (64128) -> C07::64128 | 29. Autoregressive Direct Preference Optimization (65423) -> C07::65423,6. PaperBanana: Automating Academic Illustration for AI Scientists (65206) | 20. From Abstraction to Instantiation: Learning Behavioral Representation for Vision-Language-Action Model (66596) | 27. Vision-aligned Latent Reasoning for Multi-Modal Large Language Model (61382) | 28. AuTAgent: A Reinforcement Learning Framework for Tool-Augmented Audio Reasoning (64128) | 29. Autoregressive Direct Preference Optimization (65423),"Repository links must be manually inspected for runnable code, data/checkpoints, license, and stale/broken state."
C06,External trend context,context_frame,context_or_workflow_only,context_only_unreviewed,"Use as context or workflow framing, not as a field-quality conclusion.","The fastest broad arXiv growth areas are multimodal/vision, LLM reasoning, and safety/governance, but ICML 2026 does not mirror this ranking exactly.","Multimodal, Vision, and Perception: 94.6%; LLM Reasoning, Post-Training, and RLVR: 59.9%; Safety, Governance, Privacy, and Society: 53.6%; Systems and Efficient Foundation Models: 43.3%","arXiv queries are broad, overlapping, and not acceptance or quality signals.",0,0,0,0,0,0,none,8,8,0,0,8,0,4,Keep as framing/context; do not promote as a paper-quality claim.,4. Neural Thickets: Diverse Task Experts Are Dense Around Pretrained Weights (65901) -> C06::65901 | 12. Reinforcement Learning via Self-Distillation (64121) -> C06::64121 | 14. GDPO: Group reward-Decoupled Normalization Policy Optimization for Multi-reward RL Optimization (63333) -> C06::63333 | 15. mHC: Manifold-Constrained Hyper-Connections (61870) -> C06::61870 | 16. Evolution Strategies at the Hyperscale (62943) -> C06::62943,4. Neural Thickets: Diverse Task Experts Are Dense Around Pretrained Weights (65901) | 12. Reinforcement Learning via Self-Distillation (64121) | 14. GDPO: Group reward-Decoupled Normalization Policy Optimization for Multi-reward RL Optimization (63333) | 15. mHC: Manifold-Constrained Hyper-Connections (61870) | 16. Evolution Strategies at the Hyperscale (62943),Use only as external context; do not promote to a venue-quality or acceptance trend claim.
C08,Validation priority,workflow_claim,context_or_workflow_only,workflow_claim_unreviewed,"Use as context or workflow framing, not as a field-quality conclusion.",The biggest remaining quality jump is not more plotting; it is paper-level validation of boundary clusters and high-impact claims.,21 of 42 semantic clusters are marked needs_review; validation queue contains 192 papers across 12 areas.,The queue organizes review but does not mean evidence fields have been checked.,0,0,0,0,0,0,none,10,10,0,0,10,0,0,Keep as framing/context; do not promote as a paper-quality claim.,1. How much can language models memorize? (62989) -> C08::62989 | 2. To Grok Grokking: Provable Grokking in Ridge Regression (66206) -> C08::66206 | 3. The Flexibility Trap: Rethinking the Value of Arbitrary Order in Diffusion Language Models (61998) -> C08::61998 | 5. Maximum Likelihood Reinforcement Learning (65332) -> C08::65332 | 10. Reinforcement Learning with Evolving Rubrics for Deep Research (65886) -> C08::65886,1. How much can language models memorize? (62989) | 2. To Grok Grokking: Provable Grokking in Ridge Regression (66206) | 3. The Flexibility Trap: Rethinking the Value of Arbitrary Order in Diffusion Language Models (61998) | 5. Maximum Likelihood Reinforcement Learning (65332) | 10. Reinforcement Learning with Evolving Rubrics for Deep Research (65886),Keep as a process/workflow claim; acceptance means the validation workflow remains explicit and auditable.
